<?xml version="1.0" encoding="UTF-8"?>
<beans xmlns="http://www.springframework.org/schema/beans"
	xmlns:xsi="http://www.w3.org/2001/XMLSchema-instance"
	xmlns:context="http://www.springframework.org/schema/context"
	xmlns:mybatis-spring="http://mybatis.org/schema/mybatis-spring"
	xmlns:task="http://www.springframework.org/schema/task"
	xmlns:tx="http://www.springframework.org/schema/tx"
	xmlns:util="http://www.springframework.org/schema/util"
	xsi:schemaLocation="http://mybatis.org/schema/mybatis-spring http://mybatis.org/schema/mybatis-spring-1.2.xsd
		http://www.springframework.org/schema/task http://www.springframework.org/schema/task/spring-task-4.3.xsd
		http://www.springframework.org/schema/beans https://www.springframework.org/schema/beans/spring-beans.xsd
		http://www.springframework.org/schema/context http://www.springframework.org/schema/context/spring-context-4.3.xsd
		http://www.springframework.org/schema/tx http://www.springframework.org/schema/tx/spring-tx-4.3.xsd
		http://www.springframework.org/schema/util http://www.springframework.org/schema/util/spring-util-4.3.xsd">
	
	<!-- Root Context: defines shared resources visible to all other web components -->
	<context:component-scan base-package="com.study.handler"/>
	
	<!-- @Service 활성화 -->
	<context:component-scan base-package="com.study.service"/>
	<!-- mybatis 인터페이스, 매퍼 활성화 -->
	<mybatis-spring:scan base-package="com.study.mapper"/>
	
	
	<!-- @Commponent 활성화 -->
	<context:component-scan base-package="com.study.task"/>
	<!-- @Schedule 활성화 -->
	<task:annotation-driven/>
	
	
	<!-- 트랜잭션 처리 -->
	<!-- 트랜잭션 매니저 등록 -->
	<bean id="transactionManager" class="org.springframework.jdbc.datasource.DataSourceTransactionManager">
		<property name="dataSource" ref="ds"></property>
	</bean>
	<!-- 트랜잭션 어노테이션 활성화 -->	
	<tx:annotation-driven/>
	
	
	<!-- 커넥션 풀 설정 -->
	<bean id="hikariConfig" class="com.zaxxer.hikari.HikariConfig">
		<property name="driverClassName" value="oracle.jdbc.OracleDriver"/>
		<property name="jdbcUrl" value="jdbc:oracle:thin:@localhost:1521:xe"/>
		<property name="username" value="again2"/>
		<property name="password" value="12345"/>
	</bean>
	
	<!-- HikariCP 설정 -->
	<bean id="ds" class="com.zaxxer.hikari.HikariDataSource" destroy-method="close">
		<constructor-arg ref="hikariConfig"></constructor-arg>
	</bean>
	
	<!-- mybatis sql 작업을 해주는 객체 생성 -->
	<bean id="sqlSessrionFactory" class="org.mybatis.spring.SqlSessionFactoryBean">
		<property name="dataSource" ref="ds"/>
	</bean>	
	
	
	
	 <!-- 이메일 활성화를 위한 bean 설정 -->
   <!-- 관리자를 누구로 둘것인가 정해야함  -->
   <bean id="mailSender" class="org.springframework.mail.javamail.JavaMailSenderImpl" >
        <property name="host" value="smtp.gmail.com" /> <!-- gmail을 사용 -->
        <property name="port" value="587" />
        <property name="username" value="jsw30295@gmail.com" />
        <property name="password" value="rdqyzlagkcxfzque" />
        <property name="javaMailProperties">
        <props>
            <prop key="mail.transport.protocol">smtp</prop>
            <prop key="mail.smtp.auth">true</prop>
            <prop key="mail.smtp.starttls.enable">true</prop>
            <prop key="mail.debug">true</prop>
            <prop key="mail.smtp.ssl.trust">smtp.gmail.com</prop>
        </props>
        </property>
   </bean>

		
</beans>
