<?xml version="1.0" encoding="UTF-8"?>
<!DOCTYPE mapper PUBLIC "-//mybatis.org//DTD Mapper 3.0//EN" "http://mybatis.org/dtd/mybatis-3-mapper.dtd">
<mapper namespace="com.study.mapper.MsgMapper">

<select id="mSelect" resultType="com.study.dto.MsgDTO">
	select msg_id, sender_id, receiver_id, msg_content
	from msg
	where receiver_id = '20220011'
</select> 

<select id="msgReadRow" resultType="com.study.dto.MsgDTO">
	select msg_id, sender_id, receiver_id, msg_content
	from msg
	where msg_id = '${msg_id}'
</select>

<insert id="msgInsert">
	insert into msg
	values(concat('MSG',msg_seq.nextval), '20220011', #{receiver_id}, #{msg_content}, sysdate)
</insert>

   <delete id="msgDelete">
      delete from MSG where msg_id = #{msg_id}
   </delete>



</mapper>