<?xml version="1.0" encoding="UTF-8"?>
<!DOCTYPE mapper PUBLIC "-//mybatis.org//DTD Mapper 3.0//EN" "http://mybatis.org/dtd/mybatis-3-mapper.dtd">
<mapper namespace="com.study.mapper.BoardMapper">

<!-- 	<select id="viewAll" resultType="com.study.dto.BoardDTO">
	
		select BOARD_ID, MEM_ID, BOARD_TITLE, BOARD_CONTENT,BOARD_REGDATE
		from board
	
	</select> -->
	
	<select id="viewAll" resultType="com.study.dto.BoardDTO">
	<![CDATA[  	
	
		select  BOARD_ID, MEM_ID, BOARD_TITLE, BOARD_CONTENT,BOARD_REGDATE,BOARD_UPDATEDATE
		from (select /*+INDEX_DESC(board pk_board)*/ rownum rn, BOARD_ID, MEM_ID, board_title, BOARD_CONTENT,BOARD_REGDATE,BOARD_UPDATEDATE
			  from board
			  where 
		]]>
		
		<include refid="criteria"></include>
		
		<![CDATA[ 	  
		MEM_ID >= '20220001'  and rownum <= (#{pageNum} * #{amount}))
		where rn > (#{pageNum} - 1) * #{amount}
		
		 ]]>
		
	</select>
	
	<!-- 댓글 수 수정 -->
	<update id="updateReplyCnt">
		update board 
		set BOARD_UPDATEDATE = BOARD_UPDATEDATE + #{amount} 
		where board_id = #{board_id}
	</update>
	
	<!-- 동적 sql -->
	<sql id="criteria">
		<trim prefix="(" suffix=") AND" prefixOverrides="OR">
			<foreach collection="typeArr" item="type">
				<trim prefix="OR">
					<choose>
						<when test="type=='T'.toString()">
							board_title like '%'||#{keyword}||'%'
						</when>
						<when test="type=='C'.toString()">
							board_content like '%'||#{keyword}||'%'
						</when>
						<when test="type=='W'.toString()">
							mem_id like '%'||#{keyword}||'%'
						</when>
					</choose>
				</trim>
			</foreach>
		</trim>
	</sql>
	
	<!-- 전체 게시물 숫자니까 int형 -->
   <select id="totalCnt" resultType="int">
      select count(*) from board where board_id >= 'BOARD1'
   </select>
	
	<insert id="create">
		insert into board 
		values(concat('BOARD',board_seq.nextval),#{mem_id},#{board_title},#{board_content},sysdate,sysdate)
	</insert>
	
	 <!--  글 상세조회 -->
	 
	<select id="readrow" resultType="com.study.dto.BoardDTO">
		select board_id, mem_id,board_title,board_content
		from board
		where board_id = #{board_id}	
	</select> 
	
	<update id="modify">
		update board
		set board_title=#{board_title}, board_content=#{board_content}
		where board_id = #{board_id}
	</update>
	
	
	<delete id="delete">
		delete from board where board_id = #{board_id}
	</delete>
	
	
	<!-- 게시판 조회수 -->
	<!-- <update id="boardCnt" parameterType="int">
	  update board
	  set board_cnt = #{board_cnt} + 1 
	  where board_id = #{board_id} 
	</update>  -->
	
	
</mapper>